scenario_id,scenario_label,timestamp,exchange_id,topic,question_from,question_text,response_from,response_type,response_text,selected_option,decision_extracted,confidence,stakeholder_focus,affected_component,communication_purpose,outcome
scenario-01,"Clean water, low-flow direct treatment",2026-07-31T12:01:01Z,scenario-01-exchange-1,process fluid,AI Design Assistant,What type of fluid is being processed?,Scenario Generator,Scenario-generated decision example,Clean water basis selected; standard material assumption can be used for the first candidate.,A) Clean water,A) Clean water,medium,designer; engineer; operator,material schedule and sampling points,Choose fluid assumptions that visibly affect material and sampling needs.,Material branch uses carbon steel/PVC assumption; no contamination-specific sampling branch required.
scenario-01,"Clean water, low-flow direct treatment",2026-07-31T12:01:02Z,scenario-01-exchange-2,flow rate,AI Design Assistant,What design flow rate should the P&ID use?,Scenario Generator,Scenario-generated decision example,Low design flow selected for a compact process line and narrow FT range.,A) 25 m3/h,A) 25 m3/h,medium,designer; engineer,"main line size, pump capacity, and flow instrument range",Translate process capacity into visible line and pump sizing changes.,Line branch updates to DN50 and pump flow note is set to 25 m3/h.
scenario-01,"Clean water, low-flow direct treatment",2026-07-31T12:01:03Z,scenario-01-exchange-3,pressure duty,AI Design Assistant,What pump duty should be assumed?,Scenario Generator,Scenario-generated decision example,Transfer duty selected; pressure increase is modest and discharge PI is sufficient for review.,"A) Transfer pump, delta P approximately 3 bar","A) Transfer pump, delta P approximately 3 bar",medium,engineer; operator,pump duty and pressure protection,Expose pressure assumptions that affect pump annotation and protection review.,Pump branch records transfer duty and PI-on-discharge note.
scenario-01,"Clean water, low-flow direct treatment",2026-07-31T12:01:04Z,scenario-01-exchange-4,treatment configuration,AI Design Assistant,What downstream treatment configuration should be shown?,Scenario Generator,Scenario-generated decision example,Direct treatment selected; heat exchanger branch is not required for this scenario.,A) Direct treatment without heat exchanger,A) Direct treatment without heat exchanger,medium,designer; engineer; operator,"heat exchanger, bypass valves, and treatment train",Show how a treatment choice changes the candidate P&ID layout.,Treatment branch omits HX and bypass valves.
scenario-01,"Clean water, low-flow direct treatment",2026-07-31T12:01:05Z,scenario-01-exchange-5,review gate,AI Design Assistant,Should the system generate a reviewable P&ID candidate now?,Scenario Generator,Scenario-generated decision example,Generate a reviewable candidate based on human-confirmed low-risk choices.,"A) Yes, generate the candidate","A) Yes, generate the candidate",high,designer; engineer; operator,candidate P&ID status,Make the human review gate explicit before showing a detailed candidate.,Candidate status set to Ready for Review.
scenario-02,PFAS-contaminated water with review flags,2026-07-31T12:02:01Z,scenario-02-exchange-1,process fluid,AI Design Assistant,What type of fluid is being processed?,Scenario Generator,Scenario-generated decision example,"PFAS basis selected; material compatibility, sampling, and lab confirmation should be flagged.",B) PFAS-contaminated water,B) PFAS-contaminated water,review,designer; engineer; operator,material schedule and sampling points,Choose fluid assumptions that visibly affect material and sampling needs.,Material branch adds PFAS-compatible material note and feed sampling point.
scenario-02,PFAS-contaminated water with review flags,2026-07-31T12:02:02Z,scenario-02-exchange-2,flow rate,AI Design Assistant,What design flow rate should the P&ID use?,Scenario Generator,Scenario-generated decision example,Moderate design flow selected as a preliminary basis pending site confirmation.,B) 100 m3/h,B) 100 m3/h,review,designer; engineer,"main line size, pump capacity, and flow instrument range",Translate process capacity into visible line and pump sizing changes.,Line branch updates to DN100 and FT range to 0-150 m3/h.
scenario-02,PFAS-contaminated water with review flags,2026-07-31T12:02:03Z,scenario-02-exchange-3,pressure duty,AI Design Assistant,What pump duty should be assumed?,Scenario Generator,Scenario-generated decision example,Booster duty selected; discharge pressure monitoring and alarm review are needed.,"B) Booster pump, delta P approximately 10 bar","B) Booster pump, delta P approximately 10 bar",review,engineer; operator,pump duty and pressure protection,Expose pressure assumptions that affect pump annotation and protection review.,Pump branch adds booster duty and pressure protection review item.
scenario-02,PFAS-contaminated water with review flags,2026-07-31T12:02:04Z,scenario-02-exchange-4,treatment configuration,AI Design Assistant,What downstream treatment configuration should be shown?,Scenario Generator,Scenario-generated decision example,Plate HX selected to condition feed temperature before treatment; bypass and isolation valves should be reviewed.,B) Plate heat exchanger before treatment,B) Plate heat exchanger before treatment,review,designer; engineer; operator,"heat exchanger, bypass valves, and treatment train",Show how a treatment choice changes the candidate P&ID layout.,Treatment branch adds plate HX and bypass valve set.
scenario-02,PFAS-contaminated water with review flags,2026-07-31T12:02:05Z,scenario-02-exchange-5,review gate,AI Design Assistant,Should the system generate a reviewable P&ID candidate now?,Scenario Generator,Scenario-generated decision example,"Candidate can be generated, but all AI/system assumptions remain review-required.",B) Generate the candidate and flag all assumptions,B) Generate the candidate and flag all assumptions,review,designer; engineer; operator,candidate P&ID status,Make the human review gate explicit before showing a detailed candidate.,Candidate status set to Assumptions Only.
scenario-03,Corrosive chemical with high-pressure duty,2026-07-31T12:03:01Z,scenario-03-exchange-1,process fluid,AI Design Assistant,What type of fluid is being processed?,Scenario Generator,Scenario-generated decision example,Corrosive-fluid basis selected; material compatibility must be reviewed before engineering use.,C) Corrosive chemical,C) Corrosive chemical,review,designer; engineer; operator,material schedule and sampling points,Choose fluid assumptions that visibly affect material and sampling needs.,Material branch adds corrosion review flag and upgraded material note.
scenario-03,Corrosive chemical with high-pressure duty,2026-07-31T12:03:02Z,scenario-03-exchange-2,flow rate,AI Design Assistant,What design flow rate should the P&ID use?,Scenario Generator,Scenario-generated decision example,Moderate design flow selected for preliminary sizing while corrosion allowance is reviewed.,B) 100 m3/h,B) 100 m3/h,review,designer; engineer,"main line size, pump capacity, and flow instrument range",Translate process capacity into visible line and pump sizing changes.,Line branch updates to DN100 and flow-instrument review note.
scenario-03,Corrosive chemical with high-pressure duty,2026-07-31T12:03:03Z,scenario-03-exchange-3,pressure duty,AI Design Assistant,What pump duty should be assumed?,Scenario Generator,Scenario-generated decision example,High-pressure duty selected; pressure protection and vendor review are required.,"C) High-pressure feed pump, delta P approximately 25 bar","C) High-pressure feed pump, delta P approximately 25 bar",review,engineer; operator,pump duty and pressure protection,Expose pressure assumptions that affect pump annotation and protection review.,"Pump branch adds high-pressure duty, PT, alarm, and relief review item."
scenario-03,Corrosive chemical with high-pressure duty,2026-07-31T12:03:04Z,scenario-03-exchange-4,treatment configuration,AI Design Assistant,What downstream treatment configuration should be shown?,Scenario Generator,Scenario-generated decision example,Shell-and-tube HX selected for a more robust configuration under corrosive/high-pressure conditions.,C) Shell-and-tube heat exchanger before treatment,C) Shell-and-tube heat exchanger before treatment,review,designer; engineer; operator,"heat exchanger, bypass valves, and treatment train",Show how a treatment choice changes the candidate P&ID layout.,Treatment branch adds shell-and-tube HX and isolation/bypass review.
scenario-03,Corrosive chemical with high-pressure duty,2026-07-31T12:03:05Z,scenario-03-exchange-5,review gate,AI Design Assistant,Should the system generate a reviewable P&ID candidate now?,Scenario Generator,Scenario-generated decision example,Generate only as a reviewable candidate because corrosion and pressure basis need specialist review.,B) Generate the candidate and flag all assumptions,B) Generate the candidate and flag all assumptions,review,designer; engineer; operator,candidate P&ID status,Make the human review gate explicit before showing a detailed candidate.,Candidate status set to Assumptions Only.
scenario-04,Slurry stream with blocked review gate,2026-07-31T12:04:01Z,scenario-04-exchange-1,process fluid,AI Design Assistant,What type of fluid is being processed?,Scenario Generator,Scenario-generated decision example,"Solids-containing stream selected; plugging, erosion, and sample-point design require review.",D) Slurry / solids-containing stream,D) Slurry / solids-containing stream,review,designer; engineer; operator,material schedule and sampling points,Choose fluid assumptions that visibly affect material and sampling needs.,Material branch adds solids/erosion review flag.
scenario-04,Slurry stream with blocked review gate,2026-07-31T12:04:02Z,scenario-04-exchange-2,flow rate,AI Design Assistant,What design flow rate should the P&ID use?,Scenario Generator,Scenario-generated decision example,High design flow selected; hydraulic loss and line sizing need confirmation.,C) 300 m3/h,C) 300 m3/h,review,designer; engineer,"main line size, pump capacity, and flow instrument range",Translate process capacity into visible line and pump sizing changes.,Line branch updates to DN150 and pressure-loss review.
scenario-04,Slurry stream with blocked review gate,2026-07-31T12:04:03Z,scenario-04-exchange-3,pressure duty,AI Design Assistant,What pump duty should be assumed?,Scenario Generator,Scenario-generated decision example,Pump duty cannot be selected without slurry properties and vendor input.,"D) Unknown, requires vendor or process review","D) Unknown, requires vendor or process review",review,engineer; operator,pump duty and pressure protection,Expose pressure assumptions that affect pump annotation and protection review.,Pump branch remains unresolved and adds vendor review item.
scenario-04,Slurry stream with blocked review gate,2026-07-31T12:04:04Z,scenario-04-exchange-4,treatment configuration,AI Design Assistant,What downstream treatment configuration should be shown?,Scenario Generator,Scenario-generated decision example,Treatment configuration cannot be selected until solids handling is defined.,"D) Configuration uncertain, requires review","D) Configuration uncertain, requires review",review,designer; engineer; operator,"heat exchanger, bypass valves, and treatment train",Show how a treatment choice changes the candidate P&ID layout.,Treatment branch records unresolved configuration and review queue item.
scenario-04,Slurry stream with blocked review gate,2026-07-31T12:04:05Z,scenario-04-exchange-5,review gate,AI Design Assistant,Should the system generate a reviewable P&ID candidate now?,Scenario Generator,Scenario-generated decision example,Candidate generation blocked until slurry properties and equipment duty are confirmed.,"C) Do not generate, more information is required","C) Do not generate, more information is required",review,designer; engineer; operator,candidate P&ID status,Make the human review gate explicit before showing a detailed candidate.,Candidate status set to Blocked.
scenario-05,Unknown flow with decision-log-only output,2026-07-31T12:05:01Z,scenario-05-exchange-1,process fluid,AI Design Assistant,What type of fluid is being processed?,Scenario Generator,Scenario-generated decision example,"PFAS basis selected from project context, but chemistry speciation remains unverified.",B) PFAS-contaminated water,B) PFAS-contaminated water,review,designer; engineer; operator,material schedule and sampling points,Choose fluid assumptions that visibly affect material and sampling needs.,Material branch adds PFAS sampling and assumption flag.
scenario-05,Unknown flow with decision-log-only output,2026-07-31T12:05:02Z,scenario-05-exchange-2,flow rate,AI Design Assistant,What design flow rate should the P&ID use?,Scenario Generator,Scenario-generated decision example,Flow basis is unknown and requires stakeholder confirmation before sizing.,"D) Unknown, requires confirmation","D) Unknown, requires confirmation",review,designer; engineer,"main line size, pump capacity, and flow instrument range",Translate process capacity into visible line and pump sizing changes.,Line branch remains TBD and adds flow confirmation review item.
scenario-05,Unknown flow with decision-log-only output,2026-07-31T12:05:03Z,scenario-05-exchange-3,pressure duty,AI Design Assistant,What pump duty should be assumed?,Scenario Generator,Scenario-generated decision example,Pump duty cannot be selected without flow and head basis.,"D) Unknown, requires vendor or process review","D) Unknown, requires vendor or process review",review,engineer; operator,pump duty and pressure protection,Expose pressure assumptions that affect pump annotation and protection review.,Pump branch remains TBD and adds vendor/process review item.
scenario-05,Unknown flow with decision-log-only output,2026-07-31T12:05:04Z,scenario-05-exchange-4,treatment configuration,AI Design Assistant,What downstream treatment configuration should be shown?,Scenario Generator,Scenario-generated decision example,Plate HX shown as a tentative treatment-conditioning option only.,B) Plate heat exchanger before treatment,B) Plate heat exchanger before treatment,review,designer; engineer; operator,"heat exchanger, bypass valves, and treatment train",Show how a treatment choice changes the candidate P&ID layout.,Treatment branch adds tentative HX note and assumption flag.
scenario-05,Unknown flow with decision-log-only output,2026-07-31T12:05:05Z,scenario-05-exchange-5,review gate,AI Design Assistant,Should the system generate a reviewable P&ID candidate now?,Scenario Generator,Scenario-generated decision example,Only export the decision trail because the sizing basis is incomplete.,D) Export the decision log only,D) Export the decision log only,review,designer; engineer; operator,candidate P&ID status,Make the human review gate explicit before showing a detailed candidate.,Candidate status set to Decision Log Only.
scenario-06,High-flow PFAS treatment with robust candidate,2026-07-31T12:06:01Z,scenario-06-exchange-1,process fluid,AI Design Assistant,What type of fluid is being processed?,Scenario Generator,Scenario-generated decision example,PFAS basis selected; sampling and disposal pathway should be visible in review notes.,B) PFAS-contaminated water,B) PFAS-contaminated water,review,designer; engineer; operator,material schedule and sampling points,Choose fluid assumptions that visibly affect material and sampling needs.,Material branch adds PFAS-compatible material and sampling node.
scenario-06,High-flow PFAS treatment with robust candidate,2026-07-31T12:06:02Z,scenario-06-exchange-2,flow rate,AI Design Assistant,What design flow rate should the P&ID use?,Scenario Generator,Scenario-generated decision example,High design flow selected for a larger treatment train candidate.,C) 300 m3/h,C) 300 m3/h,review,designer; engineer,"main line size, pump capacity, and flow instrument range",Translate process capacity into visible line and pump sizing changes.,Line branch updates to DN150 and FT range to 0-500 m3/h.
scenario-06,High-flow PFAS treatment with robust candidate,2026-07-31T12:06:03Z,scenario-06-exchange-3,pressure duty,AI Design Assistant,What pump duty should be assumed?,Scenario Generator,Scenario-generated decision example,High-pressure feed duty selected for robust downstream treatment feed.,"C) High-pressure feed pump, delta P approximately 25 bar","C) High-pressure feed pump, delta P approximately 25 bar",review,engineer; operator,pump duty and pressure protection,Expose pressure assumptions that affect pump annotation and protection review.,Pump branch adds high-pressure duty and pressure protection review.
scenario-06,High-flow PFAS treatment with robust candidate,2026-07-31T12:06:04Z,scenario-06-exchange-4,treatment configuration,AI Design Assistant,What downstream treatment configuration should be shown?,Scenario Generator,Scenario-generated decision example,Shell-and-tube HX selected for robust thermal conditioning before treatment.,C) Shell-and-tube heat exchanger before treatment,C) Shell-and-tube heat exchanger before treatment,review,designer; engineer; operator,"heat exchanger, bypass valves, and treatment train",Show how a treatment choice changes the candidate P&ID layout.,Treatment branch adds shell-and-tube HX and bypass/isolation valves.
scenario-06,High-flow PFAS treatment with robust candidate,2026-07-31T12:06:05Z,scenario-06-exchange-5,review gate,AI Design Assistant,Should the system generate a reviewable P&ID candidate now?,Scenario Generator,Scenario-generated decision example,"Generate a reviewable candidate with all hydraulic, PFAS, and pressure assumptions flagged.",B) Generate the candidate and flag all assumptions,B) Generate the candidate and flag all assumptions,review,designer; engineer; operator,candidate P&ID status,Make the human review gate explicit before showing a detailed candidate.,Candidate status set to Assumptions Only.
